url,name,address,city,state,phone
https://tpfinancial.pro/,Results,"îƒˆ1417 Goodman Rd W, Horn Lake, MS 38637",Horn Lake,MS,î‚°(901) 334-5199
http://www.griffithfirm.com/,Results,"îƒˆ7165 Getwell Rd Bldg D, Southaven, MS 38672",Southaven,MS,î‚°(662) 470-4132
http://blbrenner.com/,Results,"îƒˆ7193 Swinnea Rd # C, Southaven, MS 38671",Southaven,MS,î‚°(662) 349-2999
http://taxesdiaz.com/,Results,"îƒˆ1071 Goodman Rd, Horn Lake, MS 38637",Horn Lake,MS,î‚°(662) 349-0091
https://www.palmercpafirm.com/,Results,,Horn Lake,MS,î‚°(662) 340-2662
https://www.hrblock.com/tax-office-near-me/mississippi/horn-lake/23875/?otppartnerid=9308&campaignid=pw_mcm_9308_9762&utm_medium=local,Results,"îƒˆ1750 Goodman Rd W #160, Horn Lake, MS 38637",Horn Lake,MS,î‚°(662) 280-2229
https://www.dyer-cpa.com/,Results,"îƒˆ1645 Oak Crest Rd, Hernando, MS 38632",Hernando,MS,î‚°(662) 429-2960
http://www.mcingvalecpa.com/,Results,"îƒˆ5740 Getwell Rd bldg 2a, Southaven, MS 38672",Southaven,MS,î‚°(662) 349-3100
https://cadecpafirm.com/,Results,"îƒˆ5293 Getwell Rd Suite B2, Southaven, MS 38672",Southaven,MS,î‚°(662) 867-0215
http://www.agner-widdows-cpa.com/,Results,"îƒˆ8830 Centre St #3, Southaven, MS 38671",Southaven,MS,î‚°(901) 346-0540
https://www.wpb.cpa/,Results,"îƒˆ2042 McIngvale Rd A, Hernando, MS 38632",Hernando,MS,î‚°(662) 429-4436
http://tsipayroll.com/,Results,"îƒˆ187 Stateline Rd E Ste #4, Southaven, MS 38671",Southaven,MS,î‚°(662) 393-2200
https://www.c2cfirm.com/,Results,"îƒˆ6851 MS-301, Walls, MS 38680",Walls,MS,
http://www.jblackcpa.com/,Results,"îƒˆ7195 Swinnea Rd, Southaven, MS 38671",Southaven,MS,î‚°(662) 280-1441
http://jackiesincometax.com/,Results,"îƒˆ572 Goodman Rd E, Southaven, MS 38671",Southaven,MS,î‚°(662) 469-9312
http://www.dixoncpafirm.com/,Results,"îƒˆ408 W Main St Suite E, Senatobia, MS 38668",Senatobia,MS,î‚°(662) 562-5888
http://www.larrybankscpa.com/,Results,"îƒˆ2504 Mt Moriah Rd D310, Memphis, TN 38115",Memphis,TN,î‚°(901) 363-6686
http://www.jmccunecpa.com/,Results,"îƒˆ5050 Poplar Ave Ste 2030, Memphis, TN 38157",Memphis,TN,î‚°(901) 755-1351
https://www.steveparkercpa.com/?utm_source=google&utm_medium=google_business_profile&utm_campaign=website_click,Results,"îƒˆ2964 Ole Bartlett Ct #8, Bartlett, TN 38134",Bartlett,TN,î‚°(901) 377-0600
https://jaharvillcpa.com/,Results,"îƒˆ2171 Judicial Dr Suite 116, Germantown, TN 38138",Germantown,TN,î‚°(901) 290-8333
https://www.hrblock.com/local-tax-offices/mississippi/horn-lake/horn-lake-shoppes/23875/?otppartnerid=9308&campaignid=pw_mcm_9308_9762&utm_medium=local&utm_source=google&utm_campaign=yext&y_source=1_MzU5NTM2Mi03MTUtbG9jYXRpb24ud2Vic2l0ZQ%3D%3D,Results,"îƒˆ5942 Goodman Rd, Horn Lake, MS 38637",Horn Lake,MS,î‚°(662) 781-3715
http://steveparkercpa.com/,Results,"îƒˆ2964 Ole Bartlett Ct #8, Bartlett, TN 38134",Bartlett,TN,î‚°(901) 377-0600
https://nanneygroup.com/,Results,"îƒˆ5865 Ridgeway Center Pkwy #210, Memphis, TN 38120",Memphis,TN,î‚°(901) 684-7474
https://zackarmourcpa.com/,Results,,Horn Lake,MS,î‚°(901) 692-3033
http://www.kingcpagroup.com/,Results,"îƒˆ206 E Central Ave, Petal, MS 39465",Petal,MS,î‚°(601) 544-9795
http://ganncpa.com/,Results,,Horn Lake,MS,
https://freddaycpa.net/,Results,"îƒˆ5050 Poplar Ave #1102, Memphis, TN 38157",Memphis,TN,î‚°(901) 800-8357
http://escovedobookkeeping.com/,Results,,Horn Lake,MS,î‚°(662) 880-2812
http://www.gregsheltoncpa.com/,Results,"îƒˆ2855 Stage Village Cove Ste 4, Bartlett, TN 38134",Bartlett,TN,î‚°(901) 382-0557
http://sandjtaxresources.com/,Results,,Horn Lake,MS,î‚°(662) 313-4371
http://www.thewrightsolutions.net/,Results,"îƒˆ1180 Vickery Ln #101, Cordova, TN 38016",Cordova,TN,î‚°(901) 363-1544
http://www.woodliefcpa.com/,Results,"îƒˆ8590 Farmington Blvd #2, Germantown, TN 38139",Germantown,TN,î‚°(901) 756-7623
http://www.markmcbrydecpa.com/,Results,"îƒˆ7520 Capital Dr #101, Germantown, TN 38138",Germantown,TN,î‚°(901) 756-3975
http://www.cpamemphis.com/,Results,"îƒˆ5112 Stage Rd #1, Memphis, TN 38134",Memphis,TN,î‚°(901) 869-1687
https://www.vanderfordcpa.com/,Results,"îƒˆ5865 Ridgeway Center Pkwy Suite 300, Memphis, TN 38120",Memphis,TN,î‚°(901) 624-2212
https://www.jhhcpa.com/,Results,,Horn Lake,MS,î‚°(901) 683-5100
https://www.wtdcpa.com/,Results,"îƒˆ670 Oakleaf Office Ln, Memphis, TN 38117",Memphis,TN,î‚°(901) 767-5080
http://www.desotocountyelectric.com/,Results,"îƒˆ2298 Nail Rd, Horn Lake, MS 38637",Horn Lake,MS,î‚°(662) 342-9141
https://www.hrkcpa.com/,Results,"îƒˆ1052 Highland Colony Pkwy #100, Ridgeland, MS 39157",Ridgeland,MS,î‚°(601) 605-0722
https://www.mycorrectchoice.com/,Results,,Horn Lake,MS,î‚°(901) 653-7460
http://sajwanicpa.com/,Results,"îƒˆ2725 S Mendenhall Rd #27, Memphis, TN 38115",Memphis,TN,î‚°(901) 221-4031
https://www.desotocountyms.gov/296/Tax-Collector,Results,"îƒˆ6040 US-51, Horn Lake, MS 38637",Horn Lake,MS,î‚°(662) 469-8050
http://www.feltsbookkeeper.com/,Results,"îƒˆ6770 Lake Forest Dr W, Walls, MS 38680",Walls,MS,î‚°(662) 362-7160
https://www.facebook.com/schwartztaxservice,Results,"îƒˆ905 Town and Country Dr STE D, Southaven, MS 38671",Southaven,MS,î‚°(662) 470-5893
https://backtaxfixers.com/case-study-1-mcdonald-tax-business-consulting/,Results,"îƒˆLocated in MFG Building, 232 Goodman Rd W Suite 308, Southaven, MS 38671",Southaven,MS,î‚°(833) 227-8292
http://www.silverbacktax.com/,Results,"îƒˆ8830 Centre St #6, Southaven, MS 38671",Southaven,MS,î‚°(662) 996-4357
http://tstaxandservices.com/,Results,"îƒˆ1495 Brookhaven Dr Ste AA, Southaven, MS 38671",Southaven,MS,î‚°(662) 298-7121
http://www.here4unotary.org/,Results,"îƒˆ8155 Elmbrook Dr, Southaven, MS 38671",Southaven,MS,î‚°(662) 510-8170
http://www.taxtechplus.com/,Results,"îƒˆ1291 Main St, Southaven, MS 38671",Southaven,MS,î‚°(662) 470-6212
http://www.wellsandwilson.com/,Results,"îƒˆ4250 Faronia Rd #4, Memphis, TN 38116",Memphis,TN,î‚°(901) 345-1669
http://taxelitefinancialservices.com/,Results,"îƒˆ4581 Elvis Presley Blvd Suite 1, Memphis, TN 38116",Memphis,TN,î‚°(901) 883-5483
https://bbcollects.com/,Results,"îƒˆ6858 Swinnea Rd Bldg 4, Southaven, MS 38671",Southaven,MS,î‚°(662) 655-4848
https://www.jonesandtuggle.com/,Results,"îƒˆ4466 Elvis Presley Blvd #249, Memphis, TN 38116",Memphis,TN,î‚°(901) 332-0111
http://www.tfgivens.com/,Results,"îƒˆ5699 Getwell Rd, Southaven, MS 38672",Southaven,MS,î‚°(662) 292-4152
https://www.taxriteservices.com/,Results,"îƒˆ1769 Main St, Southaven, MS 38671",Southaven,MS,î‚°(901) 491-5299
https://www.hrblock.com/tax-office-near-me/tennessee/memphis/39863/?otppartnerid=9308&campaignid=pw_mcm_9308_9762&utm_medium=local,Results,"îƒˆ4707 Elvis Presley Blvd, Memphis, TN 38116",Memphis,TN,î‚°(901) 398-4680
https://www.hrblock.com/tax-office-near-me/mississippi/southaven/23796/?otppartnerid=9308&campaignid=pw_mcm_9308_9762&utm_medium=local,H&R Block,"îƒˆ975 Goodman Rd E Ste 35 Ste 35, Southaven, MS 38671",Southaven,MS,î‚°(662) 349-9886
https://youraccountingadvisor.com/firmprofile.php,"Faisal Jiwani, CPA","îƒˆ6819 Crumpler Blvd Ste 100, Olive Branch, MS 38654",Olive Branch,MS,î‚°(662) 895-1177
http://www.kherronassociates.com/,"Herron & Associates Tax Services, LLC","îƒˆ1840 Pyramid Pl Ste 434, Memphis, TN 38132",Memphis,TN,î‚°(901) 370-2894
https://www.slptaxservice.com/,SLP Tax Service,,Horn Lake,MS,î‚°(901) 207-8861
http://irstaxsettle.com/Southaven,Expert IRS Relief - Southaven,"îƒˆ8275 Airways Blvd, Southaven, MS 38671",Southaven,MS,î‚°(866) 299-1241
http://www.artadmin.net/,"Audit Ready Taxes and Financial Services, LLC.","îƒˆ2049 E Brooks Rd, Memphis, TN 38116",Memphis,TN,î‚°(901) 654-5911
https://office.jacksonhewitt.com/tax-preparation-services-locations/en/ms/southaven/7090-malco-blvd/10543?utm_source=google&utm_medium=local&utm_campaign=local&utm_content=10543,Jackson Hewitt Tax Service,"îƒˆ7090 Malco Blvd Ste. 109, Southaven, MS 38671",Southaven,MS,î‚°(662) 362-7883
http://www.klhopkinstax.com/,KLHopkins Accounting Services,"îƒˆ66 Monroe Ave STE 108, Memphis, TN 38103",Memphis,TN,î‚°(901) 522-9095
https://www.american-services-llc.com/,"American Services, LLC","îƒˆ2281 Stateline Rd W, Southaven, MS 38671",Southaven,MS,î‚°(662) 781-4481
http://bmgandassociates.com/,BMG & Associates PLLC,"îƒˆ2375 Memphis St Ste 204, Hernando, MS 38632",Hernando,MS,î‚°(901) 647-0079
http://www.adtaxservice.com/,A D Tax & Financial Services,"îƒˆ3103 Barron Ave, Memphis, TN 38111",Memphis,TN,î‚°(901) 593-3739
http://www.codtaxes.com/,C.O.D TAXES,"îƒˆ1223 Winchester Rd, Memphis, TN 38116",Memphis,TN,î‚°(901) 348-3797
https://www.dependabletaxandcreditrepairservicellc.com/,Dependable Tax & Credit Repair Services LLC,"îƒˆ1569 Main St, Southaven, MS 38671",Southaven,MS,î‚°(662) 470-5254
https://tfgivens.com/,Deerchase Office Park space for rent,"îƒˆ5699 Getwell Rd, Southaven, MS 38672",Southaven,MS,î‚°(662) 404-3798
http://www.jhhcpa.com/,"Jackson, Howell & Associates, PLLC","îƒˆ301 E Broadway Blvd, West Memphis, AR 72301",West Memphis,AR,î‚°(870) 735-2683
https://www.hrblock.com/tax-office-near-me/mississippi/olive-branch/23530/?otppartnerid=9308&campaignid=pw_mcm_9308_9762&utm_medium=local,H&R Block,"îƒˆ7421 Goodman Rd Ste A, Olive Branch, MS 38654",Olive Branch,MS,î‚°(662) 893-7266
https://pilotstaxservice.com/,Pilot's Income Tax & Bookkeeping,"îƒˆ3918 Elvis Presley Blvd, Memphis, TN 38116",Memphis,TN,î‚°(901) 398-1433
https://kcfinancialsvcs.com/,KC FINANCIAL SERVICES,"îƒˆ3385 Airways Blvd #216, Memphis, TN 38116",Memphis,TN,î‚°(901) 267-4796
http://www.rikardneal.com/,"Rikard & Neal CPAs, PLLC","îƒˆ5100 Wheelis Dr #110, Memphis, TN 38117",Memphis,TN,î‚°(901) 685-9411
https://totaltaxfinancecare.com/,Total Tax & Finance Care,"îƒˆ8971 MS-305, Olive Branch, MS 38654",Olive Branch,MS,î‚°(901) 690-2391
http://www.assuranceacct.com/,Assurance Accounting & Tax Company,"îƒˆ1661 International Dr Suite 400, Memphis, TN 38120",Memphis,TN,î‚°(901) 474-4562
http://www.jlpayneincometaxservice.com/,Payne J L Income Tax Bookkeeping Service,"îƒˆ5495 Winchester Rd #10, Memphis, TN 38115",Memphis,TN,î‚°(901) 332-0715
https://patrickaccounting.com/,Patrick Accounting,"îƒˆ5570 Murray Ave, Memphis, TN 38119",Memphis,TN,î‚°(901) 755-5858
https://mblegacycpa.com/,MB Legacy Consulting PLLC,"îƒˆ1661 International Dr, Memphis, TN 38120",Memphis,TN,î‚°(901) 437-8300
http://chaliffcpa.com/,Chaliff + Associates Certified Public Accountants,"îƒˆ8000 Centerview Pkwy Suite 400, Cordova, TN 38018",Cordova,TN,î‚°(901) 753-4000
https://office.jacksonhewitt.com/tax-preparation-services-locations/en/ms/horn-lake/4150-goodman-road-west/56964?utm_source=google&utm_medium=local&utm_campaign=local&utm_content=56964,Results,"îƒˆ4150 Goodman Rd, Horn Lake, MS 38637",Horn Lake,MS,î‚°(870) 735-4428
https://www.loansbyworld.com/locations/branches/ms-hornlake-3042-goodman-rd-w-2128?utm_source=google&utm_medium=organic&utm_campaign=loc&utm_content=cm-13gbp------bid-2128,Results,"îƒˆ3042 Goodman Rd W, Horn Lake, MS 38637",Horn Lake,MS,î‚°(901) 441-7853
https://www.301taxservices.com/,Results,"îƒˆ6983 Star Landing Rd, Lake Cormorant, MS 38641",Lake Cormorant,MS,î‚°(662) 781-9935
https://office.jacksonhewitt.com/tax-preparation-services-locations/en/ms/southaven/6811-southcrest-pkwy/50848?utm_source=google&utm_medium=local&utm_campaign=local&utm_content=50848,Results,"îƒˆ6811 Southcrest Pkwy, Southaven, MS 38671",Southaven,MS,î‚°(662) 646-3078
https://www.iacffirm.com/,Results,"îƒˆ928 Goodman Rd E STE 202, Southaven, MS 38671",Southaven,MS,î‚°(662) 666-6724
http://www.greattaxllc.com/,Results,"îƒˆ1175 Main St, Southaven, MS 38671",Southaven,MS,î‚°(888) 267-1040
http://aluxurytax.com/,Results,"îƒˆ5425 Elvis Presley Blvd, Memphis, TN 38116",Memphis,TN,î‚°(901) 237-1302
